0f39OWEqJ24,1110
0f39OWEqJ24,1599
3IOE-Q3UWdA,1114
3IOE-Q3UWdA,1355
3IOE-Q3UWdA,1359
3IOE-Q3UWdA,1424
3IOE-Q3UWdA,1438
3IOE-Q3UWdA,1453
3IOE-Q3UWdA,1455
3IOE-Q3UWdA,1635
3IOE-Q3UWdA,1648
3IOE-Q3UWdA,1650
3IOE-Q3UWdA,1662
3IOE-Q3UWdA,1715
3IOE-Q3UWdA,1747
4Y5qi1gD2Sw,1742
4Y5qi1gD2Sw,1744
4Y5qi1gD2Sw,1746
4Y5qi1gD2Sw,1747
4Y5qi1gD2Sw,1748
4Y5qi1gD2Sw,1751
4Y5qi1gD2Sw,1752
4gVsDd8PV9U,1190
4gVsDd8PV9U,1191
4gVsDd8PV9U,1193
4gVsDd8PV9U,1194
4gVsDd8PV9U,1197
4gVsDd8PV9U,1203
4gVsDd8PV9U,1206
4gVsDd8PV9U,1221
4gVsDd8PV9U,1223
4gVsDd8PV9U,1224
4gVsDd8PV9U,1584
4gVsDd8PV9U,1598
5YPjcdLbs5g,1293
5YPjcdLbs5g,1412
9Rcxr3IEX4E,1131
9Rcxr3IEX4E,1132
9Rcxr3IEX4E,1133
9Rcxr3IEX4E,1137
D8Vhxbho1fY,1207
D8Vhxbho1fY,1505
D8Vhxbho1fY,1507
D8Vhxbho1fY,1562
D8Vhxbho1fY,1563
D8Vhxbho1fY,1564
D8Vhxbho1fY,1576
D8Vhxbho1fY,1577
D8Vhxbho1fY,1578
D8Vhxbho1fY,1594
D8Vhxbho1fY,1595
D8Vhxbho1fY,1596
HTYT2vF-j_w,1308
HTYT2vF-j_w,1313
HTYT2vF-j_w,1314
HTYT2vF-j_w,1315
HTYT2vF-j_w,1317
HTYT2vF-j_w,1321
HTYT2vF-j_w,1328
HTYT2vF-j_w,1329
HTYT2vF-j_w,1331
HTYT2vF-j_w,1333
HTYT2vF-j_w,1334
HTYT2vF-j_w,1335
HTYT2vF-j_w,1338
HTYT2vF-j_w,1339
HTYT2vF-j_w,1340
HTYT2vF-j_w,1341
HTYT2vF-j_w,1343
HTYT2vF-j_w,1352
HTYT2vF-j_w,1356
HTYT2vF-j_w,1358
HTYT2vF-j_w,1367
HTYT2vF-j_w,1372
HTYT2vF-j_w,1374
HTYT2vF-j_w,1375
HTYT2vF-j_w,1376
HTYT2vF-j_w,1377
HTYT2vF-j_w,1613
HTYT2vF-j_w,1614
HTYT2vF-j_w,1615
HTYT2vF-j_w,1635
HTYT2vF-j_w,1636
HTYT2vF-j_w,1638
HymKCzQJbB8,1650
IuPC-z-M9u8,0966
IuPC-z-M9u8,1560
IuPC-z-M9u8,1563
IuPC-z-M9u8,1564
IuPC-z-M9u8,1567
IuPC-z-M9u8,1568
IuPC-z-M9u8,1569
IuPC-z-M9u8,1571
IuPC-z-M9u8,1573
IuPC-z-M9u8,1574
IuPC-z-M9u8,1576
IuPC-z-M9u8,1577
IuPC-z-M9u8,1589
IuPC-z-M9u8,1591
IuPC-z-M9u8,1592
PNZQ2UJfyQE,1050
PNZQ2UJfyQE,1053
PNZQ2UJfyQE,1058
PNZQ2UJfyQE,1059
PNZQ2UJfyQE,1061
PNZQ2UJfyQE,1077
PNZQ2UJfyQE,1079
PNZQ2UJfyQE,1080
QD3L10bUnBo,1264
QD3L10bUnBo,1265
Riu4ZKk4YdQ,1734
Vmef_8MY46w,1266
Vmef_8MY46w,1542
Vmef_8MY46w,1545
Vmef_8MY46w,1548
WVde9pyaHg4,1043
WVde9pyaHg4,1047
WVde9pyaHg4,1053
WVde9pyaHg4,1098
WVde9pyaHg4,1101
WVde9pyaHg4,1104
WVde9pyaHg4,1110
WVde9pyaHg4,1125
WVde9pyaHg4,1128
WVde9pyaHg4,1134
XF87VL5T0aA,1152
XF87VL5T0aA,1154
XF87VL5T0aA,1157
Ytga8ciKWJc,1633
_ithRWANKB0,1225
_ithRWANKB0,1568
aDEYi1OG0vU,1155
b5pRYl_djbs,1170
dMH8L7mqCNI,1569
dMH8L7mqCNI,1570
dMH8L7mqCNI,1571
dMH8L7mqCNI,1574
dMH8L7mqCNI,1575
dMH8L7mqCNI,1576
dMH8L7mqCNI,1578
dMH8L7mqCNI,1779
dMH8L7mqCNI,1780
dMH8L7mqCNI,1781
dMH8L7mqCNI,1783
dMH8L7mqCNI,1785
dMH8L7mqCNI,1786
dMH8L7mqCNI,1787
dMH8L7mqCNI,1788
dMH8L7mqCNI,1789
dMH8L7mqCNI,1790
dMH8L7mqCNI,1792
dMH8L7mqCNI,1793
dMH8L7mqCNI,1794
fNcxxBjEOgw,1608
iSlDMboCSao,1482
pGP_oIdKmRY,1730
rk8Xm0EAOWs,1017
t0V4drbYDnc,1068
xmqSaQPzL1E,1101
yo-Kg2YxlZs,1646
z3kgrh0L_80,1258
